meas_no,upload_type,upload_time,disc_type
1,iteracyjny,39.3947894,HDD
2,iteracyjny,28.2684837,HDD
3,iteracyjny,26.8417355,HDD
4,iteracyjny,28.3545428,HDD
5,iteracyjny,28.0224779,HDD
6,iteracyjny,28.1174987,HDD
7,iteracyjny,27.8902986,HDD
8,iteracyjny,27.3647855,HDD
1,batchowy,376.7165916,HDD
2,batchowy,365.0994439,HDD
3,batchowy,359.6525929,HDD
4,batchowy,383.3650601,HDD
5,batchowy,365.8899637,HDD
6,batchowy,358.4320427,HDD
7,batchowy,358.5970156,HDD
8,batchowy,353.2999745,HDD
1,iteracyjny,30.5796279,SSD
2,iteracyjny,25.7490516,SSD
3,iteracyjny,25.164762,SSD
4,iteracyjny,34.7408235,SSD
5,iteracyjny,26.2289323,SSD
6,iteracyjny,27.4962344,SSD
7,iteracyjny,26.3379474,SSD
8,iteracyjny,28.7112929,SSD
1,batchowy,359.8579873,SSD
2,batchowy,357.1715489,SSD
3,batchowy,380.0575499,SSD
4,batchowy,367.068487,SSD
5,batchowy,369.9245252,SSD
6,batchowy,365.7753198,SSD
7,batchowy,365.5567376,SSD
8,batchowy,357.3337332,SSD