meas_no,upload_type,upload_time,unit_type
1,iteracyjny,30.5796279,PC_host
2,iteracyjny,25.7490516,PC_host
3,iteracyjny,25.164762,PC_host
4,iteracyjny,34.7408235,PC_host
5,iteracyjny,26.2289323,PC_host
6,iteracyjny,27.4962344,PC_host
7,iteracyjny,26.3379474,PC_host
8,iteracyjny,28.7112929,PC_host
1,batchowy,359.8579873,PC_host
2,batchowy,357.1715489,PC_host
3,batchowy,380.0575499,PC_host
4,batchowy,367.068487,PC_host
5,batchowy,369.9245252,PC_host
6,batchowy,365.7753198,PC_host
7,batchowy,365.5567376,PC_host
8,batchowy,357.3337332,PC_host
1,iteracyjny,109.556009,laptop_wifi
2,iteracyjny,99.26779119,laptop_wifi
3,iteracyjny,97.74457169,laptop_wifi
4,iteracyjny,96.5312513,laptop_wifi
5,iteracyjny,98.95742542,laptop_wifi
6,iteracyjny,96.43252333,laptop_wifi
7,iteracyjny,95.9573243,laptop_wifi
8,iteracyjny,97.75483578,laptop_wifi
1,batchowy,566.924621,laptop_wifi
2,batchowy,570.2477322,laptop_wifi
3,batchowy,570.233546,laptop_wifi
4,batchowy,560.523432,laptop_wifi
5,batchowy,564.1298532,laptop_wifi
6,batchowy,566.349072,laptop_wifi
7,batchowy,571.5307646,laptop_wifi
8,batchowy,560.9473826,laptop_wifi
1,iteracyjny,150.2496378,PC_wifi
2,iteracyjny,147.4949562,PC_wifi
3,iteracyjny,152.0441384,PC_wifi
4,iteracyjny,151.1755697,PC_wifi
5,iteracyjny,148.5326572,PC_wifi
6,iteracyjny,149.143212,PC_wifi
7,iteracyjny,150.6513798,PC_wifi
8,iteracyjny,151.4215155,PC_wifi
1,batchowy,414.4310305,PC_wifi
2,batchowy,410.4670617,PC_wifi
3,batchowy,409.7252716,PC_wifi
4,batchowy,410.6852124,PC_wifi
5,batchowy,412.847218,PC_wifi
6,batchowy,410.4325973,PC_wifi
7,batchowy,409.0994439,PC_wifi
8,batchowy,411.7165916,PC_wifi